{
	"player":
	[
		{
			"name":"bagic_player",
			"x":0,
			"y":0,
			"hp":100,
			"rad":90,
			"rotateSpeed":0.1,
			"fowardSpeed":10,
			"backSpeed":5
		},
		{
			"name":"super_player",
			"x":0,
			"y":0,
			"hp":10000,
			"rad":90,
			"rotateSpeed":2,
			"fowardSpeed":50,
			"backSpeed":25,
			"width":78,
			"high":58
		}
	],
	"enemy":
	[
		{
			"name":"bagic_enemy",
			"x":0,
			"y":0,
			"hp":100,
			"rad":90,
			"rotateForce":0.1,
			"SpeedForce":10,
			"ai":0,
			"width":58,
			"high":75
		}
	]
}